{"centered_results":{"bigbench_language_identification":0.2013201527338479,"jeopardy":0.16600000858306885,"piqa":0.3680000305175781,"lambada_openai":0.3960000276565552,"winograd":0.3113553524017334,"commonsense_qa":0.21250000596046445,"bigbench_qa_wikidata":0.5220000147819519,"arc_challenge":0.15200002988179526,"squad":0.27800002694129944,"agi_eval_lsat_ar":0.13586955517530439,"coqa":0.1900000125169754,"openbook_qa":0.11200002829233806,"winogrande":0.06800007820129395,"boolq":-0.17368415782326144,"bigbench_cs_algorithms":0.3840000033378601,"hellaswag_zeroshot":0.25866671403249103,"hellaswag":0.274666706720988,"copa":0.31999993324279785,"bigbench_dyck_languages":0.1080000028014183,"arc_easy":0.565333366394043,"bigbench_repeat_copy_logic":0.03125,"bigbench_operators":0.1428571492433548},"core_metric":0.22836977461790442,"train/lrm":0.02336448598130841,"train/mfu":48.07067232997405,"step":21400,"val/bpb":0.811805479183393,"_step":311,"total_training_time":10485.119116783142,"_timestamp":1.7605074470754519e+09,"_runtime":11431,"train/tok_per_sec":1089236,"total_training_flops":3.917669880928666e+19,"train/loss":2.71014912564309,"_wandb":{"runtime":11431},"train/dt":0.4813351631164551}